date,Closing price
2012/01/02,75.00
2012/01/03,75.70
2012/01/04,75.80
2012/01/05,76.00
2012/01/06,75.60
2012/01/09,75.60
2012/01/10,76.50
2012/01/11,76.50
2012/01/12,77.00
2012/01/13,77.50
2012/01/16,75.30
2012/01/17,75.60
2012/01/18,76.70
2012/01/30,78.70
2012/01/31,78.50
2012/02/01,77.00
2012/02/02,76.80
2012/02/03,76.20
2012/02/04,76.50
2012/02/06,77.40
2012/02/07,77.40
2012/02/08,77.50
2012/02/09,78.00
2012/02/10,76.90
2012/02/13,76.60
2012/02/14,77.30
2012/02/15,78.50
2012/02/16,78.50
2012/02/17,80.00
2012/02/20,80.00
2012/02/21,80.00
2012/02/22,79.70
2012/02/23,78.10
2012/02/24,79.10
2012/02/29,81.10
2012/03/01,80.10
2012/03/02,80.00
2012/03/03,79.30
2012/03/05,78.90
2012/03/06,79.50
2012/03/07,79.10
2012/03/08,79.70
2012/03/09,80.00
2012/03/12,80.00
2012/03/13,81.30
2012/03/14,83.20
2012/03/15,83.20
2012/03/16,81.10
2012/03/19,83.70
2012/03/20,83.20
2012/03/21,84.90
2012/03/22,85.20
2012/03/23,85.40
2012/03/26,83.60
2012/03/27,85.80
2012/03/28,85.50
2012/03/29,84.10
2012/03/30,84.90
2012/04/02,85.10
2012/04/03,85.00
2012/04/05,83.10
2012/04/06,83.80
2012/04/09,83.00
2012/04/10,82.00
2012/04/11,82.40
2012/04/12,82.60
2012/04/13,84.90
2012/04/16,84.90
2012/04/17,83.80
2012/04/18,85.00
2012/04/19,85.80
2012/04/20,84.30
2012/04/23,84.30
2012/04/24,84.60
2012/04/25,84.20
2012/04/26,84.00
2012/04/27,86.00
2012/04/30,86.80
2012/05/02,88.40
2012/05/03,88.90
2012/05/04,87.60
2012/05/07,85.60
2012/05/08,84.40
2012/05/09,84.60
2012/05/10,85.30
2012/05/11,85.50
2012/05/14,85.40
2012/05/15,85.50
2012/05/16,83.40
2012/05/17,85.10
2012/05/18,81.80
2012/05/21,82.50
2012/05/22,82.20
2012/05/23,79.10
2012/05/24,80.60
2012/05/25,80.00
2012/05/28,81.60
2012/05/29,82.30
2012/05/30,81.70
2012/05/31,85.10
2012/06/01,79.90
2012/06/04,76.50
2012/06/05,78.20
2012/06/06,77.80
2012/06/07,79.80
2012/06/08,77.90
2012/06/11,80.40
2012/06/12,79.40
2012/06/13,80.00
2012/06/14,79.20
2012/06/15,78.10
2012/06/18,80.80
2012/06/19,80.50
2012/06/20,81.60
2012/06/21,80.60
2012/06/22,80.10
2012/06/25,79.60
2012/06/26,78.70
2012/06/27,79.30
2012/06/28,79.90
2012/06/29,81.30
2012/07/02,83.30
2012/07/03,84.20
2012/07/04,81.20
2012/07/05,81.00
2012/07/06,80.90
2012/07/09,80.00
2012/07/10,79.10
2012/07/11,78.10
2012/07/12,75.70
2012/07/13,75.80
2012/07/16,75.50
2012/07/17,74.80
2012/07/18,74.80
2012/07/19,77.50
2012/07/20,76.70
2012/07/23,74.30
2012/07/24,74.80
2012/07/25,74.60
2012/07/26,76.30
2012/07/27,79.30
2012/07/30,79.00
2012/07/31,81.00
2012/08/01,80.00
2012/08/03,79.80
2012/08/06,80.90
2012/08/07,81.40
2012/08/08,80.50
2012/08/09,82.30
2012/08/10,82.00
2012/08/13,82.70
2012/08/14,83.20
2012/08/15,83.00
2012/08/16,82.90
2012/08/17,82.00
2012/08/20,82.40
2012/08/21,83.60
2012/08/22,82.40
2012/08/23,82.70
2012/08/24,82.00
2012/08/27,83.00
2012/08/28,82.40
2012/08/29,82.70
2012/08/30,82.70
2012/08/31,83.30
2012/09/03,83.90
2012/09/04,84.00
2012/09/05,82.00
2012/09/06,81.10
2012/09/07,83.80
2012/09/10,83.50
2012/09/11,84.40
2012/09/12,84.50
2012/09/13,85.00
2012/09/14,86.50
2012/09/17,86.50
2012/09/18,85.70
2012/09/19,86.00
2012/09/20,85.30
2012/09/21,85.70
2012/09/24,86.10
2012/09/25,85.90
2012/09/26,86.40
2012/09/27,87.60
2012/09/28,89.80
2012/10/01,88.90
2012/10/02,89.60
2012/10/03,89.80
2012/10/04,90.60
2012/10/05,91.00
2012/10/08,89.10
2012/10/09,87.10
2012/10/11,85.50
2012/10/12,86.30
2012/10/15,86.40
2012/10/16,87.50
2012/10/17,87.40
2012/10/18,88.10
2012/10/19,86.70
2012/10/22,86.00
2012/10/23,85.70
2012/10/24,85.40
2012/10/25,84.80
2012/10/26,87.30
2012/10/29,88.10
2012/10/30,88.00
2012/10/31,88.70
2012/11/01,89.20
2012/11/02,89.90
2012/11/05,90.30
2012/11/06,90.40
2012/11/07,91.00
2012/11/08,90.50
2012/11/09,90.80
2012/11/12,91.30
2012/11/13,90.30
2012/11/14,90.50
2012/11/15,90.20
2012/11/16,90.20
2012/11/19,90.00
2012/11/20,90.40
2012/11/21,90.50
2012/11/22,91.30
2012/11/23,95.50
2012/11/26,95.30
2012/11/27,96.30
2012/11/28,95.90
2012/11/29,96.50
2012/11/30,98.70
2012/12/03,97.90
2012/12/04,96.60
2012/12/05,96.90
2012/12/06,96.60
2012/12/07,98.10
2012/12/10,96.50
2012/12/11,98.30
2012/12/12,98.40
2012/12/13,99.20
2012/12/14,98.40
2012/12/17,97.00
2012/12/18,96.70
2012/12/19,97.30
2012/12/20,96.00
2012/12/21,94.80
2012/12/22,95.70
2012/12/24,95.20
2012/12/25,96.50
2012/12/26,96.00
2012/12/27,95.60
2012/12/28,97.00
2013/01/02,99.60
2013/01/03,101.00
2013/01/04,101.50
2013/01/07,100.50
2013/01/08,99.70
2013/01/09,100.00
2013/01/10,101.00
2013/01/11,101.00
2013/01/14,102.00
2013/01/15,100.50
2013/01/16,99.20
2013/01/17,99.30
2013/01/18,101.50
2013/01/21,100.50
2013/01/22,101.00
2013/01/23,101.00
2013/01/24,99.90
2013/01/25,99.00
2013/01/28,99.30
2013/01/29,101.00
2013/01/30,101.50
2013/01/31,101.50
2013/02/01,101.50
2013/02/04,103.00
2013/02/05,103.00
2013/02/06,105.00
2013/02/18,107.00
2013/02/19,107.00
2013/02/20,109.00
2013/02/21,107.00
2013/02/22,105.50
2013/02/23,107.00
2013/02/25,105.00
2013/02/26,103.50
2013/02/27,104.50
2013/03/01,105.00
2013/03/04,102.00
2013/03/05,104.00
2013/03/06,104.00
2013/03/07,103.00
2013/03/08,103.50
2013/03/11,102.00
2013/03/12,102.50
2013/03/13,104.50
2013/03/14,104.00
2013/03/15,103.00
2013/03/18,100.50
2013/03/19,100.00
2013/03/20,98.80
2013/03/21,98.70
2013/03/22,98.00
2013/03/25,99.50
2013/03/26,99.00
2013/03/27,100.50
2013/03/28,100.00
2013/03/29,100.50
2013/04/01,101.00
2013/04/02,100.50
2013/04/03,100.50
2013/04/08,98.50
2013/04/09,97.50
2013/04/10,98.30
2013/04/11,101.50
2013/04/12,100.50
2013/04/15,99.40
2013/04/16,100.50
2013/04/17,100.00
2013/04/18,99.90
2013/04/19,106.50
2013/04/22,108.50
2013/04/23,106.00
2013/04/24,106.00
2013/04/25,107.00
2013/04/26,108.50
2013/04/29,108.00
2013/04/30,109.50
2013/05/02,110.50
2013/05/03,110.00
2013/05/06,111.50
2013/05/07,112.50
2013/05/08,114.50
2013/05/09,115.00
2013/05/10,114.50
2013/05/13,114.50
2013/05/14,115.50
2013/05/15,115.00
2013/05/16,113.50
2013/05/17,113.50
2013/05/20,114.00
2013/05/21,112.50
2013/05/22,112.00
2013/05/23,108.00
2013/05/24,109.50
2013/05/27,112.00
2013/05/28,109.50
2013/05/29,111.00
2013/05/30,110.00
2013/05/31,109.50
2013/06/03,107.50
2013/06/04,109.00
2013/06/05,109.50
2013/06/06,107.50
2013/06/07,108.50
2013/06/10,108.50
2013/06/11,108.00
2013/06/13,104.50
2013/06/14,106.00
2013/06/17,106.00
2013/06/18,106.50
2013/06/19,105.50
2013/06/20,104.00
2013/06/21,103.50
2013/06/24,101.00
2013/06/25,101.00
2013/06/26,101.50
2013/06/27,104.50
2013/06/28,111.00
2013/07/01,108.00
2013/07/02,110.00
2013/07/03,107.00
2013/07/04,107.00
2013/07/05,109.00
2013/07/08,105.00
2013/07/09,106.00
2013/07/10,106.00
2013/07/11,109.50
2013/07/12,110.00
2013/07/15,109.50
2013/07/16,108.00
2013/07/17,109.00
2013/07/18,105.50
2013/07/19,98.20
2013/07/22,97.00
2013/07/23,100.00
2013/07/24,102.00
2013/07/25,102.50
2013/07/26,102.50
2013/07/29,100.00
2013/07/30,102.00
2013/07/31,102.50
2013/08/01,100.50
2013/08/02,100.50
2013/08/05,100.50
2013/08/06,98.80
2013/08/07,97.00
2013/08/08,96.40
2013/08/09,96.40
2013/08/12,96.00
2013/08/13,97.20
2013/08/14,96.80
2013/08/15,96.00
2013/08/16,96.50
2013/08/19,95.50
2013/08/20,94.40
2013/08/22,94.50
2013/08/23,97.00
2013/08/26,96.80
2013/08/27,95.60
2013/08/28,96.80
2013/08/29,98.70
2013/08/30,100.50
2013/09/02,102.00
2013/09/03,102.00
2013/09/04,100.50
2013/09/05,101.50
2013/09/06,102.00
2013/09/09,103.00
2013/09/10,104.50
2013/09/11,104.50
2013/09/12,103.50
2013/09/13,102.50
2013/09/14,102.50
2013/09/16,105.50
2013/09/17,105.50
2013/09/18,103.00
2013/09/23,105.50
2013/09/24,105.00
2013/09/25,103.00
2013/09/26,101.50
2013/09/27,103.00
2013/09/30,100.50
2013/10/01,101.50
2013/10/02,103.00
2013/10/03,105.00
2013/10/04,104.00
2013/10/07,103.00
2013/10/08,105.00
2013/10/09,105.00
2013/10/11,106.50
2013/10/14,105.00
2013/10/15,107.00
2013/10/16,106.00
2013/10/17,107.00
2013/10/18,110.00
2013/10/21,110.00
2013/10/22,111.50
2013/10/23,111.00
2013/10/24,110.00
2013/10/25,107.00
2013/10/28,109.50
2013/10/29,109.50
2013/10/30,110.00
2013/10/31,109.50
2013/11/01,109.50
2013/11/04,109.00
2013/11/05,106.50
2013/11/06,107.00
2013/11/07,107.00
2013/11/08,106.00
2013/11/11,104.50
2013/11/12,105.00
2013/11/13,103.00
2013/11/14,103.50
2013/11/15,104.00
2013/11/18,104.00
2013/11/19,105.00
2013/11/20,103.00
2013/11/21,101.00
2013/11/22,100.00
2013/11/25,101.00
2013/11/26,103.50
2013/11/27,105.00
2013/11/28,105.00
2013/11/29,105.00
2013/12/02,104.50
2013/12/03,104.00
2013/12/04,105.00
2013/12/05,104.00
2013/12/06,103.00
2013/12/09,105.00
2013/12/10,104.00
2013/12/11,105.00
2013/12/12,103.00
2013/12/13,102.50
2013/12/16,102.00
2013/12/17,103.50
2013/12/18,101.00
2013/12/19,102.50
2013/12/20,102.00
2013/12/23,104.00
2013/12/24,103.00
2013/12/25,103.00
2013/12/26,104.00
2013/12/27,104.50
2013/12/30,106.00
2013/12/31,105.50
2014/01/02,104.50
2014/01/03,102.50
2014/01/06,102.50
2014/01/07,102.00
2014/01/08,104.00
2014/01/09,101.00
2014/01/10,102.00
2014/01/13,103.00
2014/01/14,103.50
2014/01/15,105.00
2014/01/16,107.00
2014/01/17,107.50
2014/01/20,107.50
2014/01/21,106.50
2014/01/22,107.50
2014/01/23,107.50
2014/01/24,108.00
2014/01/27,105.00
2014/02/05,100.50
2014/02/06,102.00
2014/02/07,104.00
2014/02/10,103.00
2014/02/11,104.50
2014/02/12,105.00
2014/02/13,105.00
2014/02/14,107.50
2014/02/17,108.50
2014/02/18,108.00
2014/02/19,108.00
2014/02/20,106.50
2014/02/21,107.50
2014/02/24,107.00
2014/02/25,108.00
2014/02/26,107.50
2014/02/27,108.00
2014/03/03,108.00
2014/03/04,107.50
2014/03/05,110.00
2014/03/06,113.00
2014/03/07,114.50
2014/03/10,113.00
2014/03/11,114.00
2014/03/12,113.00
2014/03/13,116.50
2014/03/14,115.00
2014/03/17,114.00
2014/03/18,114.50
2014/03/19,114.50
2014/03/20,112.00
2014/03/21,112.50
2014/03/24,112.50
2014/03/25,113.50
2014/03/26,115.50
2014/03/27,116.00
2014/03/28,117.50
2014/03/31,118.50
2014/04/01,119.50
2014/04/02,120.00
2014/04/03,118.50
2014/04/07,117.50
2014/04/08,119.00
2014/04/09,119.00
2014/04/10,119.50
2014/04/11,120.00
2014/04/14,120.50
2014/04/15,122.50
2014/04/16,121.00
2014/04/17,120.00
2014/04/18,123.00
2014/04/21,121.50
2014/04/22,121.50
2014/04/23,121.00
2014/04/24,121.00
2014/04/25,118.50
2014/04/28,119.00
2014/04/29,120.50
2014/04/30,118.50
2014/05/02,118.00
2014/05/05,117.00
2014/05/06,118.00
2014/05/07,118.50
2014/05/08,119.50
2014/05/09,120.00
2014/05/12,118.50
2014/05/13,120.50
2014/05/14,122.00
2014/05/15,122.00
2014/05/16,122.00
2014/05/19,121.00
2014/05/20,121.00
2014/05/21,120.50
2014/05/22,122.00
2014/05/23,122.00
2014/05/26,123.00
2014/05/27,123.50
2014/05/28,124.00
2014/05/29,122.00
2014/05/30,119.50
2014/06/03,122.50
2014/06/04,123.50
2014/06/05,123.00
2014/06/06,122.50
2014/06/09,123.00
2014/06/10,124.50
2014/06/11,125.00
2014/06/12,123.50
2014/06/13,123.00
2014/06/16,124.00
2014/06/17,125.00
2014/06/18,125.50
2014/06/19,126.00
2014/06/20,124.50
2014/06/23,123.00
2014/06/24,123.00
2014/06/25,123.50
2014/06/26,124.50
2014/06/27,125.50
2014/06/30,126.50
2014/07/01,128.00
2014/07/02,132.50
2014/07/03,134.50
2014/07/04,135.00
2014/07/07,136.00
2014/07/08,134.50
2014/07/09,134.00
2014/07/10,134.50
2014/07/11,136.50
2014/07/14,132.50
2014/07/15,133.00
2014/07/16,130.50
2014/07/17,124.50
2014/07/18,123.50
2014/07/21,123.50
2014/07/22,124.50
2014/07/24,125.00
2014/07/25,123.00
2014/07/28,121.50
2014/07/29,124.00
2014/07/30,124.50
2014/07/31,121.00
2014/08/01,120.00
2014/08/04,123.50
2014/08/05,119.50
2014/08/06,120.50
2014/08/07,121.50
2014/08/08,120.50
2014/08/11,120.50
2014/08/12,121.50
2014/08/13,122.50
2014/08/14,124.00
2014/08/15,124.00
2014/08/18,123.00
2014/08/19,124.00
2014/08/20,125.50
2014/08/21,124.50
2014/08/22,125.50
2014/08/25,125.00
2014/08/26,124.50
2014/08/27,125.50
2014/08/28,125.00
2014/08/29,124.00
2014/09/01,128.50
2014/09/02,126.00
2014/09/03,128.00
2014/09/04,127.50
2014/09/05,127.00
2014/09/09,127.00
2014/09/10,125.00
2014/09/11,125.00
2014/09/12,123.00
2014/09/15,123.50
2014/09/16,122.50
2014/09/17,124.50
2014/09/18,125.00
2014/09/19,125.00
2014/09/22,122.00
2014/09/23,122.50
2014/09/24,123.00
2014/09/25,122.00
2014/09/26,121.00
2014/09/29,120.50
2014/09/30,120.00
2014/10/01,121.50
2014/10/02,121.00
2014/10/03,124.50
2014/10/06,126.00
2014/10/07,125.00
2014/10/08,122.50
2014/10/09,125.00
2014/10/13,120.50
2014/10/14,121.00
2014/10/15,121.50
2014/10/16,121.50
2014/10/17,123.50
2014/10/20,126.00
2014/10/21,125.00
2014/10/22,129.00
2014/10/23,127.50
2014/10/24,125.50
2014/10/27,128.00
2014/10/28,128.00
2014/10/29,129.00
2014/10/30,128.50
2014/10/31,130.50
2014/11/03,131.00
2014/11/04,132.00
2014/11/05,132.00
2014/11/06,132.00
2014/11/07,131.00
2014/11/10,134.50
2014/11/11,134.00
2014/11/12,132.00
2014/11/13,134.00
2014/11/14,135.00
2014/11/17,133.00
2014/11/18,131.50
2014/11/19,136.00
2014/11/20,139.00
2014/11/21,138.50
2014/11/24,138.50
2014/11/25,139.00
2014/11/26,139.00
2014/11/27,140.00
2014/11/28,141.50
2014/12/01,140.00
2014/12/02,137.50
2014/12/03,138.00
2014/12/04,139.00
2014/12/05,137.50
2014/12/08,138.00
2014/12/09,138.00
2014/12/10,136.00
2014/12/11,134.50
2014/12/12,135.00
2014/12/15,136.00
2014/12/16,133.00
2014/12/17,130.50
2014/12/18,131.50
2014/12/19,138.00
2014/12/22,138.50
2014/12/23,137.50
2014/12/24,138.00
2014/12/25,137.50
2014/12/26,139.00
2014/12/27,138.50
2014/12/29,141.00
2014/12/30,140.00
2014/12/31,141.00
2015/01/05,139.50
2015/01/06,133.50
2015/01/07,134.00
2015/01/08,138.00
2015/01/09,134.00
2015/01/12,132.00
2015/01/13,132.50
2015/01/14,130.00
2015/01/15,131.50
2015/01/16,137.00
2015/01/19,139.00
2015/01/20,138.00
2015/01/21,141.00
2015/01/22,140.00
2015/01/23,145.00
2015/01/26,145.00
2015/01/27,147.00
2015/01/28,146.50
2015/01/29,143.50
2015/01/30,141.00
2015/02/02,142.50
2015/02/03,144.50
2015/02/04,146.00
2015/02/05,145.50
2015/02/06,143.00
2015/02/09,142.00
2015/02/10,142.50
2015/02/11,148.00
2015/02/12,148.50
2015/02/13,148.50
2015/02/24,151.00
2015/02/25,154.50
2015/02/26,150.50
2015/03/02,149.00
2015/03/03,150.50
2015/03/04,150.50
2015/03/05,150.00
2015/03/06,149.00
2015/03/09,145.50
2015/03/10,144.00
2015/03/11,146.00
2015/03/12,148.00
2015/03/13,149.00
2015/03/16,146.00
2015/03/17,149.00
2015/03/18,153.50
2015/03/19,154.00
2015/03/20,154.00
2015/03/23,153.50
2015/03/24,151.50
2015/03/25,151.00
2015/03/26,145.50
2015/03/27,142.50
2015/03/30,142.50
2015/03/31,145.50
2015/04/01,144.00
2015/04/02,147.00
2015/04/07,146.00
2015/04/08,143.00
2015/04/09,143.00
2015/04/10,147.00
2015/04/13,147.00
2015/04/14,144.00
2015/04/15,143.00
2015/04/16,147.00
2015/04/17,142.50
2015/04/20,143.00
2015/04/21,142.50
2015/04/22,143.50
2015/04/23,147.00
2015/04/24,152.50
2015/04/27,151.50
2015/04/28,151.50
2015/04/29,148.50
2015/04/30,147.00
2015/05/04,147.50
2015/05/05,147.00
2015/05/06,147.50
2015/05/07,146.50
2015/05/08,146.50
2015/05/11,148.50
2015/05/12,147.50
2015/05/13,148.00
2015/05/14,146.00
2015/05/15,146.50
2015/05/18,146.50
2015/05/19,146.50
2015/05/20,146.50
2015/05/21,145.50
2015/05/22,145.50
2015/05/25,147.50
2015/05/26,146.50
2015/05/27,145.00
2015/05/28,147.00
2015/05/29,146.00
2015/06/01,145.00
2015/06/02,144.00
2015/06/03,143.00
2015/06/04,141.00
2015/06/05,140.00
2015/06/08,138.50
2015/06/09,139.00
2015/06/10,139.50
2015/06/11,143.50
2015/06/12,144.50
2015/06/15,143.00
2015/06/16,142.00
2015/06/17,142.50
2015/06/18,142.00
2015/06/22,142.00
2015/06/23,144.50
2015/06/24,145.00
2015/06/25,146.50
2015/06/26,146.00
2015/06/29,138.50
2015/06/30,140.50
2015/07/01,141.00
2015/07/02,141.50
2015/07/03,142.50
2015/07/06,140.50
2015/07/07,140.50
2015/07/08,138.00
2015/07/09,136.50
2015/07/13,138.50
2015/07/14,138.50
2015/07/15,138.50
2015/07/16,136.50
2015/07/17,140.00
2015/07/20,139.00
2015/07/21,140.50
2015/07/22,139.00
2015/07/23,136.00
2015/07/24,137.00
2015/07/27,134.00
2015/07/28,134.00
2015/07/29,135.50
2015/07/30,138.50
2015/07/31,139.50
2015/08/03,134.50
2015/08/04,136.50
2015/08/05,134.00
2015/08/06,134.00
2015/08/07,133.00
2015/08/10,129.00
2015/08/11,130.50
2015/08/12,128.50
2015/08/13,128.00
2015/08/14,126.00
2015/08/17,124.00
2015/08/18,126.00
2015/08/19,125.00
2015/08/20,126.00
2015/08/21,121.00
2015/08/24,115.00
2015/08/25,123.50
2015/08/26,122.50
2015/08/27,124.00
2015/08/28,125.00
2015/08/31,129.00
2015/09/01,124.00
2015/09/02,125.50
2015/09/03,127.00
2015/09/04,125.00
2015/09/07,122.50
2015/09/08,123.00
2015/09/09,129.00
2015/09/10,125.00
2015/09/11,127.50
2015/09/14,127.50
2015/09/15,126.00
2015/09/16,129.50
2015/09/17,131.00
2015/09/18,131.50
2015/09/21,129.50
2015/09/22,129.00
2015/09/23,124.50
2015/09/24,127.00
2015/09/25,127.00
2015/09/30,130.00
2015/10/01,133.50
2015/10/02,132.00
2015/10/05,132.50
2015/10/06,133.00
2015/10/07,135.00
2015/10/08,136.00
2015/10/12,138.50
2015/10/13,137.50
2015/10/14,136.50
2015/10/15,140.00
2015/10/16,137.50
2015/10/19,138.00
2015/10/20,139.00
2015/10/21,138.50
2015/10/22,137.50
2015/10/23,140.00
2015/10/26,140.00
2015/10/27,139.00
2015/10/28,138.00
2015/10/29,136.50
2015/10/30,136.50
2015/11/02,137.50
2015/11/03,139.50
2015/11/04,144.50
2015/11/05,142.50
2015/11/06,140.00
2015/11/09,142.00
2015/11/10,139.50
2015/11/11,137.50
2015/11/12,138.50
2015/11/13,136.00
2015/11/16,135.00
2015/11/17,138.50
2015/11/18,137.00
2015/11/19,140.50
2015/11/20,141.00
2015/11/23,141.00
2015/11/24,139.50
2015/11/25,141.00
2015/11/26,142.50
2015/11/27,139.00
2015/11/30,139.00
2015/12/01,142.50
2015/12/02,142.50
2015/12/03,142.50
2015/12/04,140.50
2015/12/07,143.50
2015/12/08,142.50
2015/12/09,140.50
2015/12/10,141.00
2015/12/11,139.50
2015/12/14,139.00
2015/12/15,138.00
2015/12/16,143.50
2015/12/17,145.00
2015/12/18,142.00
2015/12/21,141.50
2015/12/22,142.00
2015/12/23,141.50
2015/12/24,142.00
2015/12/25,143.00
2015/12/28,143.50
2015/12/29,142.00
2015/12/30,142.50
2015/12/31,143.00
2016/01/04,139.50
2016/01/05,138.00
2016/01/06,135.50
2016/01/07,133.00
2016/01/08,134.00
2016/01/11,133.00
2016/01/12,133.00
2016/01/13,133.50
2016/01/14,131.50
2016/01/15,137.00
2016/01/18,137.00
2016/01/19,138.00
2016/01/20,134.50
2016/01/21,135.00
2016/01/22,138.50
2016/01/25,139.50
2016/01/26,137.50
2016/01/27,139.50
2016/01/28,140.00
2016/01/29,143.00
2016/01/30,142.00
2016/02/01,144.00
2016/02/02,142.50
2016/02/03,146.00
2016/02/15,145.00
2016/02/16,147.50
2016/02/17,148.00
2016/02/18,151.00
2016/02/19,151.00
2016/02/22,151.00
2016/02/23,149.50
2016/02/24,148.00
2016/02/25,150.50
2016/02/26,149.00
2016/03/01,152.00
2016/03/02,153.00
2016/03/03,154.00
2016/03/04,152.50
2016/03/07,152.00
2016/03/08,152.00
2016/03/09,153.00
2016/03/10,154.50
2016/03/11,155.00
2016/03/14,156.00
2016/03/15,154.50
2016/03/16,156.00
2016/03/17,158.50
2016/03/18,159.50
2016/03/21,160.00
2016/03/22,158.50
2016/03/23,159.50
2016/03/24,158.50
2016/03/25,158.00
2016/03/28,159.00
2016/03/29,159.00
2016/03/30,161.50
2016/03/31,162.00
2016/04/01,158.50
2016/04/06,153.50
2016/04/07,154.50
2016/04/08,157.50
2016/04/11,158.50
2016/04/12,158.50
2016/04/13,161.50
2016/04/14,161.50
2016/04/15,159.50
2016/04/18,158.00
2016/04/19,157.50
2016/04/20,154.00
2016/04/21,157.00
2016/04/22,156.50
2016/04/25,157.50
2016/04/26,158.00
2016/04/27,156.50
2016/04/28,153.00
2016/04/29,150.00
2016/05/03,147.50
2016/05/04,147.00
2016/05/05,147.50
2016/05/06,148.00
2016/05/09,147.50
2016/05/10,147.00
2016/05/11,147.00
2016/05/12,146.00
2016/05/13,144.00
2016/05/16,144.50
2016/05/17,147.00
2016/05/18,147.00
2016/05/19,147.00
2016/05/20,148.50
2016/05/23,154.00
2016/05/24,151.00
2016/05/25,154.50
2016/05/26,155.00
2016/05/27,156.50
2016/05/30,157.00
2016/05/31,156.50
2016/06/01,159.00
2016/06/02,159.00
2016/06/03,160.50
2016/06/04,160.00
2016/06/06,161.00
2016/06/07,162.00
2016/06/08,165.50
2016/06/13,162.00
2016/06/14,162.00
2016/06/15,163.00
2016/06/16,160.50
2016/06/17,163.00
2016/06/20,163.00
2016/06/21,165.50
2016/06/22,166.00
2016/06/23,164.00
2016/06/24,159.00
2016/06/27,155.50
2016/06/28,157.00
2016/06/29,159.00
2016/06/30,162.50
2016/07/01,166.00
2016/07/04,166.00
2016/07/05,164.00
2016/07/06,161.50
2016/07/07,164.50
2016/07/11,170.00
2016/07/12,171.00
2016/07/13,168.50
2016/07/14,169.00
2016/07/15,169.50
2016/07/18,169.50
2016/07/19,170.50
2016/07/20,170.00
2016/07/21,172.00
2016/07/22,171.00
2016/07/25,171.50
2016/07/26,173.00
2016/07/27,175.00
2016/07/28,176.50
2016/07/29,172.50
2016/08/01,177.00
2016/08/02,176.00
2016/08/03,172.50
2016/08/04,174.50
2016/08/05,177.00
2016/08/08,178.00
2016/08/09,178.50
2016/08/10,179.50
2016/08/11,176.50
2016/08/12,177.50
2016/08/15,179.00
2016/08/16,175.50
2016/08/17,177.00
2016/08/18,176.00
2016/08/19,174.50
2016/08/22,173.00
2016/08/23,174.00
2016/08/24,173.50
2016/08/25,177.00
2016/08/26,177.00
2016/08/29,176.50
2016/08/30,174.50
2016/08/31,176.00
2016/09/01,173.50
2016/09/02,174.50
2016/09/05,176.50
2016/09/06,179.00
2016/09/07,184.00
2016/09/08,183.00
2016/09/09,179.50
2016/09/10,178.00
2016/09/12,175.00
2016/09/13,175.00
2016/09/14,173.50
2016/09/19,182.50
2016/09/20,183.00
2016/09/21,184.00
2016/09/22,185.50
2016/09/23,187.50
2016/09/26,183.00
2016/09/29,185.50
2016/09/30,182.50
2016/10/03,186.00
2016/10/04,187.00
2016/10/05,186.00
2016/10/06,187.50
2016/10/07,188.00
2016/10/11,187.50
2016/10/12,189.50
2016/10/13,188.50
2016/10/14,188.00
2016/10/17,186.50
2016/10/18,187.00
2016/10/19,189.50
2016/10/20,190.50
2016/10/21,188.50
2016/10/24,191.00
2016/10/25,193.00
2016/10/26,191.50
2016/10/27,188.50
2016/10/28,189.50
2016/10/31,188.50
2016/11/01,189.50
2016/11/02,186.00
2016/11/03,184.50
2016/11/04,184.50
2016/11/07,189.00
2016/11/08,188.50
2016/11/09,182.00
2016/11/10,185.50
2016/11/11,181.50
2016/11/14,180.50
2016/11/15,180.00
2016/11/16,180.00
2016/11/17,181.50
2016/11/18,181.00
2016/11/21,181.00
2016/11/22,184.00
2016/11/23,185.50
2016/11/24,183.00
2016/11/25,182.00
2016/11/28,184.00
2016/11/29,182.00
2016/11/30,183.00
2016/12/01,183.00
2016/12/02,178.00
2016/12/05,179.00
2016/12/06,182.00
2016/12/07,181.50
2016/12/08,185.50
2016/12/09,186.00
2016/12/12,185.00
2016/12/13,186.00
2016/12/14,187.50
2016/12/15,187.00
2016/12/16,185.00
2016/12/19,182.50
2016/12/20,182.50
2016/12/21,180.00
2016/12/22,179.00
2016/12/23,178.50
2016/12/26,179.50
2016/12/27,180.00
2016/12/28,182.00
2016/12/29,180.00
2016/12/30,181.50
2017/01/03,183.00
2017/01/04,183.00
2017/01/05,183.50
2017/01/06,184.00
2017/01/09,184.00
2017/01/10,184.00
2017/01/11,182.00
2017/01/12,184.50
2017/01/13,181.50
2017/01/16,179.50
2017/01/17,181.00
2017/01/18,181.00
2017/01/19,180.50
2017/01/20,181.00
2017/01/23,185.00
2017/01/24,185.50
2017/02/02,184.50
2017/02/03,184.50
2017/02/06,184.50
2017/02/07,184.50
2017/02/08,183.50
2017/02/09,184.00
2017/02/10,185.50
2017/02/13,187.50
2017/02/14,187.50
2017/02/15,189.00
2017/02/16,189.00
2017/02/17,189.50
2017/02/18,189.50
2017/02/20,190.00
2017/02/21,190.00
2017/02/22,188.50
2017/02/23,188.50
2017/02/24,189.00
2017/03/01,186.00
2017/03/02,186.00
2017/03/03,184.00
2017/03/06,183.50
2017/03/07,185.50
2017/03/08,187.00
2017/03/09,184.50
2017/03/10,183.50
2017/03/13,186.50
2017/03/14,186.00
2017/03/15,186.50
2017/03/16,190.00
2017/03/17,191.50
2017/03/20,191.50
2017/03/21,195.00
2017/03/22,193.50
2017/03/23,193.50
2017/03/24,192.50
2017/03/27,193.00
2017/03/28,194.50
2017/03/29,191.50
2017/03/30,191.50
2017/03/31,189.00
2017/04/05,193.00
2017/04/06,191.50
2017/04/07,191.00
2017/04/10,190.00
2017/04/11,191.00
2017/04/12,191.00
2017/04/13,191.50
2017/04/14,189.00
2017/04/17,187.50
2017/04/18,188.00
2017/04/19,186.50
2017/04/20,187.00
2017/04/21,190.00
2017/04/24,190.00
2017/04/25,192.00
2017/04/26,191.00
2017/04/27,193.00
2017/04/28,194.50
2017/05/02,196.50
2017/05/03,198.00
2017/05/04,198.00
2017/05/05,197.50
2017/05/08,202.50
2017/05/09,203.50
2017/05/10,205.50
2017/05/11,207.50
2017/05/12,206.00
2017/05/15,206.00
2017/05/16,204.50
2017/05/17,204.00
2017/05/18,203.50
2017/05/19,203.00
2017/05/22,205.00
2017/05/23,205.00
2017/05/24,205.50
2017/05/25,207.00
2017/05/26,207.00
2017/05/31,203.00
2017/06/01,207.00
2017/06/02,209.00
2017/06/03,209.00
2017/06/05,212.00
2017/06/06,210.50
2017/06/07,211.50
2017/06/08,213.00
2017/06/09,212.00
2017/06/12,207.50
2017/06/13,208.00
2017/06/14,207.00
2017/06/15,208.00
2017/06/16,211.50
2017/06/19,213.00
2017/06/20,216.50
2017/06/21,215.50
2017/06/22,218.00
2017/06/23,217.00
2017/06/26,215.00
2017/06/27,211.50
2017/06/28,208.50
2017/06/29,210.00
2017/06/30,208.50
2017/07/03,209.00
2017/07/04,207.00
2017/07/05,208.50
2017/07/06,207.50
2017/07/07,206.00
2017/07/10,206.00
2017/07/11,212.00
2017/07/12,210.50
2017/07/13,214.50
2017/07/14,213.00
2017/07/17,213.00
2017/07/18,214.00
2017/07/19,214.50
2017/07/20,215.50
2017/07/21,214.00
2017/07/24,214.50
2017/07/25,214.00
2017/07/26,213.00
2017/07/27,215.50
2017/07/28,213.00
2017/07/31,214.50
2017/08/01,212.00
2017/08/02,216.00
2017/08/03,213.50
2017/08/04,213.00
2017/08/07,216.00
2017/08/08,217.50
2017/08/09,214.50
2017/08/10,214.00
2017/08/11,212.50
2017/08/14,211.00
2017/08/15,214.00
2017/08/16,213.00
2017/08/17,214.00
2017/08/18,212.50
2017/08/21,211.50
2017/08/22,214.50
2017/08/23,215.50
2017/08/24,217.00
2017/08/25,217.50
2017/08/28,216.00
2017/08/29,216.00
2017/08/30,217.50
2017/08/31,216.50
2017/09/01,216.50
2017/09/04,217.50
2017/09/05,218.00
2017/09/06,217.00
2017/09/07,217.00
2017/09/08,218.00
2017/09/11,217.00
2017/09/12,219.00
2017/09/13,218.00
2017/09/14,218.50
2017/09/15,218.50
2017/09/18,219.50
2017/09/19,221.50
2017/09/20,221.50
2017/09/21,221.00
2017/09/22,218.50
2017/09/25,217.00
2017/09/26,214.00
2017/09/27,215.00
2017/09/28,214.00
2017/09/29,216.50
2017/09/30,216.50
2017/10/02,220.50
2017/10/03,222.50
2017/10/05,224.50
2017/10/06,224.50
2017/10/11,233.00
2017/10/12,237.50
2017/10/13,237.50
2017/10/16,238.00
2017/10/17,235.50
2017/10/18,237.50
2017/10/19,239.00
2017/10/20,237.50
2017/10/23,239.00
2017/10/24,238.00
2017/10/25,238.00
2017/10/26,236.00
2017/10/27,239.00
2017/10/30,243.00
2017/10/31,243.00
2017/11/01,242.50
2017/11/02,241.00
2017/11/03,239.00
2017/11/06,239.50
2017/11/07,244.00
2017/11/08,242.50
2017/11/09,241.00
2017/11/10,240.50
2017/11/13,239.50
2017/11/14,240.00
2017/11/15,237.50
2017/11/16,238.00
2017/11/17,241.50
2017/11/20,238.50
2017/11/21,243.00
2017/11/22,242.00
2017/11/23,242.50
2017/11/24,244.00
2017/11/27,237.00
2017/11/28,234.00
2017/11/29,234.50
2017/11/30,226.00
2017/12/01,231.00
2017/12/04,234.00
2017/12/05,229.50
2017/12/06,227.00
2017/12/07,226.50
2017/12/08,227.00
2017/12/11,227.50
2017/12/12,227.50
2017/12/13,227.00
2017/12/14,230.50
2017/12/15,230.00
2017/12/18,227.00
2017/12/19,225.00
2017/12/20,224.50
2017/12/21,225.00
2017/12/22,227.50
2017/12/25,228.50
2017/12/26,226.00
2017/12/27,225.00
2017/12/28,226.00
2017/12/29,229.50
2018/01/02,232.50
2018/01/03,237.00
2018/01/04,239.50
2018/01/05,240.00
2018/01/08,242.00
2018/01/09,242.00
2018/01/10,236.50
2018/01/11,235.00
2018/01/12,237.00
2018/01/15,240.00
2018/01/16,240.50
2018/01/17,242.00
2018/01/18,248.50
2018/01/19,255.50
2018/01/22,261.50
2018/01/23,266.00
2018/01/24,258.00
2018/01/25,258.00
2018/01/26,255.00
2018/01/29,258.50
2018/01/30,253.00
2018/01/31,255.00
2018/02/01,259.50
2018/02/02,259.50
2018/02/05,253.00
2018/02/06,239.00
2018/02/07,240.00
2018/02/08,238.50
2018/02/09,232.50
2018/02/12,236.50
2018/02/21,242.50
2018/02/22,239.50
2018/02/23,245.00
2018/02/26,246.50
2018/02/27,246.00
2018/03/01,243.00
2018/03/02,240.00
2018/03/05,241.50
2018/03/06,250.00
2018/03/07,247.00
2018/03/08,249.50
2018/03/09,250.50
2018/03/12,254.00
2018/03/13,259.00
2018/03/14,257.00
2018/03/15,255.00
2018/03/16,255.00
2018/03/19,255.00
2018/03/20,253.00
2018/03/21,252.50
2018/03/22,251.50
2018/03/23,245.00
2018/03/26,243.50
2018/03/27,251.00
2018/03/28,245.00
2018/03/29,244.00
2018/03/30,246.00
2018/03/31,247.50
2018/04/02,246.50
2018/04/03,244.00
2018/04/09,245.00
2018/04/10,245.50
2018/04/11,248.00
2018/04/12,245.00
2018/04/13,244.50
2018/04/16,243.50
2018/04/17,238.00
2018/04/18,238.00
2018/04/19,244.50
2018/04/20,229.00
2018/04/23,226.50
2018/04/24,227.00
2018/04/25,225.00
2018/04/26,222.00
2018/04/27,223.50
2018/04/30,227.00
2018/05/02,223.00
2018/05/03,220.50
2018/05/04,223.00
2018/05/07,223.50
2018/05/08,228.00
2018/05/09,229.50
2018/05/10,229.50
2018/05/11,233.00
2018/05/14,233.00
2018/05/15,230.50
2018/05/16,230.50
2018/05/17,226.50
2018/05/18,223.50
2018/05/21,229.00
2018/05/22,229.00
2018/05/23,228.50
2018/05/24,229.00
2018/05/25,228.50
2018/05/28,227.00
2018/05/29,225.00
2018/05/30,221.00
2018/05/31,224.00
2018/06/01,224.00
2018/06/04,229.00
2018/06/05,229.00
2018/06/06,230.00
2018/06/07,230.00
2018/06/08,227.00
2018/06/11,226.00
2018/06/12,229.00
2018/06/13,232.00
2018/06/14,226.50
2018/06/15,231.00
2018/06/19,225.00
2018/06/20,226.00
2018/06/21,226.50
2018/06/22,227.50
2018/06/25,218.00
2018/06/26,214.50
2018/06/27,213.00
2018/06/28,212.00
2018/06/29,216.50
2018/07/02,214.00
2018/07/03,214.50
2018/07/04,216.00
2018/07/05,214.50
2018/07/06,217.00
2018/07/09,221.50
2018/07/10,222.00
2018/07/11,220.00
2018/07/12,220.50
2018/07/13,224.50
2018/07/16,223.50
2018/07/17,221.50
2018/07/18,223.00
2018/07/19,224.50
2018/07/20,237.50
2018/07/23,241.00
2018/07/24,241.00
2018/07/25,240.50
2018/07/26,241.00
2018/07/27,244.50
2018/07/30,245.50
2018/07/31,246.00
2018/08/01,248.00
2018/08/02,244.50
2018/08/03,247.00
2018/08/06,245.50
2018/08/07,241.50
2018/08/08,247.50
2018/08/09,247.00
2018/08/10,245.00
2018/08/13,240.50
2018/08/14,243.50
2018/08/15,241.50
2018/08/16,239.00
2018/08/17,239.50
2018/08/20,239.50
2018/08/21,241.00
2018/08/22,242.00
2018/08/23,244.50
2018/08/24,243.50
2018/08/27,245.00
2018/08/28,249.50
2018/08/29,259.00
2018/08/30,263.50
2018/08/31,256.00
2018/09/03,257.00
2018/09/04,257.50
2018/09/05,264.00
2018/09/06,261.00
2018/09/07,264.00
2018/09/10,264.50
2018/09/11,260.00
2018/09/12,260.50
2018/09/13,255.00
2018/09/14,261.00
2018/09/17,258.00
2018/09/18,254.50
2018/09/19,258.00
2018/09/20,260.00
2018/09/21,261.50
2018/09/25,263.50
2018/09/26,263.50
2018/09/27,265.00
2018/09/28,262.50
2018/10/01,263.00
2018/10/02,257.50
2018/10/03,260.00
2018/10/04,254.00
2018/10/05,250.00
2018/10/08,243.50
2018/10/09,244.00
2018/10/11,227.50
2018/10/12,237.00
2018/10/15,230.50
2018/10/16,237.00
2018/10/17,238.50
2018/10/18,236.50
2018/10/19,236.00
2018/10/22,237.00
2018/10/23,230.00
2018/10/24,229.50
2018/10/25,219.50
2018/10/26,221.00
2018/10/29,222.50
2018/10/30,223.00
2018/10/31,234.00
2018/11/01,235.50
2018/11/02,236.50
2018/11/05,235.00
2018/11/06,234.50
2018/11/07,234.00
2018/11/08,236.50
2018/11/09,231.00
2018/11/12,231.50
2018/11/13,227.50
2018/11/14,228.50
2018/11/15,231.00
2018/11/16,226.00
2018/11/19,222.00
2018/11/20,218.00
2018/11/21,219.00
2018/11/22,219.00
2018/11/23,218.50
2018/11/26,223.00
2018/11/27,224.00
2018/11/28,226.50
2018/11/29,229.00
2018/11/30,225.50
2018/12/03,235.00
2018/12/04,234.00
2018/12/05,226.00
2018/12/06,220.00
2018/12/07,221.00
2018/12/10,219.00
2018/12/11,222.50
2018/12/12,226.50
2018/12/13,226.00
2018/12/14,222.50
2018/12/17,223.50
2018/12/18,222.50
2018/12/19,225.50
2018/12/20,221.00
2018/12/21,223.50
2018/12/22,221.50
2018/12/24,220.00
2018/12/25,217.50
2018/12/26,216.50
2018/12/27,223.00
2018/12/28,225.50
2019/01/02,219.50
2019/01/03,215.50
2019/01/04,208.00
2019/01/07,213.00
2019/01/08,211.00
2019/01/09,215.50
2019/01/10,216.00
2019/01/11,220.50
2019/01/14,218.50
2019/01/15,221.00
2019/01/16,217.50
2019/01/17,220.50
2019/01/18,218.50
2019/01/21,221.00
2019/01/22,223.00
2019/01/23,220.50
2019/01/24,222.50
2019/01/25,226.00
2019/01/28,229.00
2019/01/29,222.50
2019/01/30,221.00
2019/02/11,228.00
2019/02/12,230.00
2019/02/13,229.00
2019/02/14,227.00
2019/02/15,227.00
2019/02/18,230.00
2019/02/19,229.00
2019/02/20,234.50
2019/02/21,236.50
2019/02/22,236.50
2019/02/25,238.00
2019/02/26,239.50
2019/02/27,239.00
2019/03/04,235.50
2019/03/05,233.00
2019/03/06,234.00
2019/03/07,234.00
2019/03/08,230.00
2019/03/11,230.50
2019/03/12,235.50
2019/03/13,237.00
2019/03/14,234.50
2019/03/15,239.00
2019/03/18,241.00
2019/03/19,240.50
2019/03/20,242.00
2019/03/21,245.50
2019/03/22,248.50
2019/03/25,241.50
2019/03/26,244.00
2019/03/27,241.50
2019/03/28,242.00
2019/03/29,245.50
2019/04/01,245.50
2019/04/02,246.00
2019/04/03,246.50
2019/04/08,253.00
2019/04/09,254.00
2019/04/10,254.00
2019/04/11,252.00
2019/04/12,252.00
2019/04/15,255.50
2019/04/16,257.00
2019/04/17,261.50
2019/04/18,264.50
2019/04/19,264.50
2019/04/22,266.00
2019/04/23,268.00
2019/04/24,269.00
2019/04/25,267.50
2019/04/26,260.00
2019/04/29,259.50
2019/04/30,259.00
2019/05/02,259.00
2019/05/03,265.00
2019/05/06,259.00
2019/05/07,262.50
2019/05/08,260.00
2019/05/09,256.50
2019/05/10,256.00
2019/05/13,250.50
2019/05/14,248.50
2019/05/15,249.00
2019/05/16,247.00
2019/05/17,241.50
2019/05/20,238.00
2019/05/21,234.00
2019/05/22,238.00
2019/05/23,230.00
2019/05/24,233.00
2019/05/27,231.00
2019/05/28,230.50
2019/05/29,229.50
2019/05/30,231.00
2019/05/31,235.50
2019/06/03,238.00
2019/06/04,233.00
2019/06/05,235.00
2019/06/06,232.00
2019/06/10,240.00
2019/06/11,244.50
2019/06/12,246.00
2019/06/13,240.00
2019/06/14,236.00
2019/06/17,233.00
2019/06/18,235.50
2019/06/19,244.00
2019/06/20,245.00
2019/06/21,248.50
2019/06/24,241.00
2019/06/25,238.50
2019/06/26,234.50
2019/06/27,240.50
2019/06/28,239.00
2019/07/01,248.50
2019/07/02,249.00
2019/07/03,242.50
2019/07/04,244.00
2019/07/05,243.00
2019/07/08,242.50
2019/07/09,242.00
2019/07/10,247.00
2019/07/11,250.00
2019/07/12,250.50
2019/07/15,254.50
2019/07/16,256.00
2019/07/17,252.00
2019/07/18,254.00
2019/07/19,259.00
2019/07/22,264.00
2019/07/23,264.00
2019/07/24,265.00
2019/07/25,265.00
2019/07/26,261.00
2019/07/29,261.00
2019/07/30,260.00
2019/07/31,259.50
2019/08/01,256.50
2019/08/02,251.50
2019/08/05,246.50
2019/08/06,248.50
2019/08/07,248.00
2019/08/08,253.50
2019/08/12,251.00
2019/08/13,246.50
2019/08/14,249.50
2019/08/15,248.00
2019/08/16,250.00
2019/08/19,252.00
2019/08/20,254.50
2019/08/21,254.50
2019/08/22,254.00
2019/08/23,254.00
2019/08/26,248.50
2019/08/27,250.00
2019/08/28,252.00
2019/08/29,254.00
2019/08/30,259.00
2019/09/02,257.50
2019/09/03,254.00
2019/09/04,257.50
2019/09/05,263.00
2019/09/06,263.50
2019/09/09,265.00
2019/09/10,261.50
2019/09/11,263.00
2019/09/12,262.50
2019/09/16,265.50
2019/09/17,265.00
2019/09/18,267.00
2019/09/19,265.00
2019/09/20,264.00
2019/09/23,264.00
2019/09/24,265.00
2019/09/25,266.00
2019/09/26,268.00
2019/09/27,272.00
2019/10/01,280.00
2019/10/02,279.50
2019/10/03,276.50
2019/10/04,276.50
2019/10/07,278.00
2019/10/08,286.50
2019/10/09,282.00
2019/10/14,290.00
2019/10/15,293.50
2019/10/16,296.50
2019/10/17,293.50
2019/10/18,293.00
2019/10/21,290.00
2019/10/22,294.00
2019/10/23,293.00
2019/10/24,293.00
2019/10/25,293.50
2019/10/28,294.50
2019/10/29,298.50
2019/10/30,299.50
2019/10/31,298.50
2019/11/01,299.00
2019/11/04,307.00
2019/11/05,310.50
2019/11/06,311.00
2019/11/07,309.00
2019/11/08,305.50
2019/11/11,301.00
2019/11/12,305.00
2019/11/13,304.00
2019/11/14,303.50
2019/11/15,307.00
2019/11/18,311.00
2019/11/19,315.00
2019/11/20,313.50
2019/11/21,311.00
2019/11/22,309.00
2019/11/25,307.00
2019/11/26,307.00
2019/11/27,311.00
2019/11/28,309.50
2019/11/29,305.00
2019/12/02,307.50
2019/12/03,307.00
2019/12/04,306.00
2019/12/05,312.00
2019/12/06,313.00
2019/12/09,316.00
2019/12/10,313.50
2019/12/11,319.00
2019/12/12,331.50
2019/12/13,339.00
2019/12/16,336.00
2019/12/17,345.00
2019/12/18,344.50
2019/12/19,335.00
2019/12/20,329.00
2019/12/23,334.00
2019/12/24,332.00
2019/12/25,333.00
2019/12/26,333.00
2019/12/27,338.00
2019/12/30,334.50
2019/12/31,331.00
2020/01/02,339.00
2020/01/03,339.50
2020/01/06,332.00
2020/01/07,329.50
2020/01/08,329.50
2020/01/09,337.50
2020/01/10,339.50
2020/01/13,341.50
2020/01/14,346.00
2020/01/15,340.00
2020/01/16,334.50
2020/01/17,333.00
2020/01/20,333.00
2020/01/30,316.50
2020/01/31,320.00
2020/02/03,315.00
2020/02/04,325.00
2020/02/05,327.50
2020/02/06,332.50
2020/02/07,328.00
2020/02/10,327.50
2020/02/11,331.50
2020/02/12,335.00
2020/02/13,335.00
2020/02/14,335.00
2020/02/17,331.50
2020/02/18,322.00
2020/02/19,326.50
2020/02/20,325.50
2020/02/21,325.00
2020/02/24,320.00
2020/02/25,322.00
2020/02/26,318.50
2020/02/27,316.00
2020/03/02,311.00
2020/03/03,317.50
2020/03/04,320.50
2020/03/05,323.00
2020/03/06,315.00
2020/03/09,305.50
2020/03/10,307.00
2020/03/11,302.00
2020/03/12,294.00
2020/03/13,290.00
2020/03/16,276.50
2020/03/17,268.00
2020/03/18,260.00
2020/03/19,248.00
2020/03/20,270.00
2020/03/23,255.00
2020/03/24,267.50
2020/03/25,277.00
2020/03/26,280.00
2020/03/27,273.00
2020/03/30,267.50
2020/03/31,274.00
2020/04/01,271.50
2020/04/06,275.50
2020/04/07,283.00
2020/04/08,285.00
2020/04/09,283.00
2020/04/10,279.50
2020/04/13,278.50
2020/04/14,285.00
2020/04/15,287.50
2020/04/16,286.50
2020/04/17,306.50
2020/04/20,304.00
2020/04/21,295.00
2020/04/22,294.00
2020/04/23,295.50
2020/04/24,294.00
2020/04/27,298.00
2020/04/28,296.50
2020/04/29,299.00
2020/04/30,304.50
2020/05/04,295.00
2020/05/05,295.50
2020/05/06,296.00
2020/05/07,297.50
2020/05/08,297.50
2020/05/11,301.00
2020/05/12,295.00
2020/05/13,297.00
2020/05/14,293.00
2020/05/15,298.00
2020/05/18,290.00
2020/05/19,291.50
2020/05/20,294.00
2020/05/21,297.50
2020/05/22,292.00
2020/05/25,292.00
2020/05/26,295.50
2020/05/27,296.50
2020/05/28,294.00
2020/05/29,292.00
2020/06/01,295.50
2020/06/02,296.50
2020/06/03,301.00
2020/06/04,306.00
2020/06/05,311.50
2020/06/08,318.00
2020/06/09,319.00
2020/06/10,322.50
2020/06/11,320.50
2020/06/12,316.00
2020/06/15,309.50
2020/06/16,315.00
2020/06/17,315.00
2020/06/18,314.50
2020/06/19,314.50
2020/06/22,312.00
2020/06/23,315.00
2020/06/24,317.50
2020/06/29,312.00
2020/06/30,313.00
2020/07/01,317.50
2020/07/02,322.00
2020/07/03,329.50
2020/07/06,338.00
2020/07/07,338.50
2020/07/08,341.00
2020/07/09,345.00
2020/07/10,348.50
2020/07/13,354.50
2020/07/14,363.50
2020/07/15,363.00
2020/07/16,357.50
2020/07/17,367.00
2020/07/20,366.00
2020/07/21,383.00
2020/07/22,384.00
2020/07/23,381.50
2020/07/24,386.00
2020/07/27,424.50
2020/07/28,435.00
2020/07/29,422.00
2020/07/30,434.00
2020/07/31,425.50
2020/08/03,416.00
2020/08/04,425.50
2020/08/05,429.00
2020/08/06,435.00
2020/08/07,433.00
2020/08/10,435.50
2020/08/11,429.00
2020/08/12,419.00
2020/08/13,429.00
2020/08/14,427.00
2020/08/17,435.00
2020/08/18,433.00
2020/08/19,427.50
2020/08/20,415.00
2020/08/21,424.50
2020/08/24,428.00
2020/08/25,434.50
2020/08/26,442.00
2020/08/27,444.00
2020/08/28,435.00
2020/08/31,426.50
2020/09/01,435.00
2020/09/02,433.00
2020/09/03,436.00
2020/09/04,429.00
2020/09/07,426.00
2020/09/08,431.00
2020/09/09,427.00
2020/09/10,435.00
2020/09/11,436.50
2020/09/14,441.00
2020/09/15,445.00
2020/09/16,458.00
2020/09/17,448.50
2020/09/18,444.00
2020/09/21,440.00
2020/09/22,437.00
2020/09/23,433.50
2020/09/24,423.00
2020/09/25,424.00
2020/09/28,431.50
2020/09/29,431.00
2020/09/30,433.00
2020/10/05,432.50
2020/10/06,439.50
2020/10/07,443.00
2020/10/08,453.00
2020/10/12,460.00
2020/10/13,462.00
2020/10/14,459.00
2020/10/15,453.00
2020/10/16,449.00
2020/10/19,457.50
2020/10/20,451.00
2020/10/21,453.00
2020/10/22,455.00
2020/10/23,452.00
2020/10/26,450.00
2020/10/27,447.00
2020/10/28,444.00
2020/10/29,437.00
2020/10/30,432.00
2020/11/02,435.50
2020/11/03,441.00
2020/11/04,450.00
2020/11/05,451.00
2020/11/06,452.50
2020/11/09,458.50
2020/11/10,451.00
2020/11/11,457.00
2020/11/12,458.00
2020/11/13,462.00
2020/11/16,484.00
2020/11/17,485.50
2020/11/18,497.00
2020/11/19,490.00
2020/11/20,488.00
2020/11/23,496.50
2020/11/24,492.00
2020/11/25,487.00
2020/11/26,489.00
2020/11/27,489.00
2020/11/30,480.50
2020/12/01,490.00
2020/12/02,499.00
2020/12/03,497.00
2020/12/04,503.00
2020/12/07,514.00
2020/12/08,524.00
2020/12/09,520.00
2020/12/10,512.00
2020/12/11,516.00
2020/12/14,508.00
2020/12/15,504.00
2020/12/16,512.00
2020/12/17,508.00
2020/12/18,510.00
2020/12/21,516.00
2020/12/22,509.00
2020/12/23,509.00
2020/12/24,510.00
2020/12/25,511.00
2020/12/28,515.00
2020/12/29,515.00
2020/12/30,525.00
2020/12/31,530.00
2021/01/04,536.00
2021/01/05,542.00
2021/01/06,549.00
2021/01/07,565.00
2021/01/08,580.00
2021/01/11,584.00
2021/01/12,591.00
2021/01/13,605.00
2021/01/14,592.00
2021/01/15,601.00
2021/01/18,607.00
2021/01/19,627.00
2021/01/20,647.00
2021/01/21,673.00
2021/01/22,649.00
2021/01/25,633.00
2021/01/26,617.00
2021/01/27,615.00
2021/01/28,601.00
2021/01/29,591.00
2021/02/01,611.00
2021/02/02,632.00
2021/02/03,630.00
2021/02/04,627.00
2021/02/05,632.00
2021/02/17,663.00
2021/02/18,660.00
2021/02/19,652.00
2021/02/22,650.00
2021/02/23,641.00
2021/02/24,625.00
2021/02/25,635.00
2021/02/26,606.00
2021/03/02,609.00
2021/03/03,622.00
2021/03/04,601.00
2021/03/05,601.00
2021/03/08,598.00
2021/03/09,595.00
2021/03/10,597.00
2021/03/11,609.00
2021/03/12,614.00
2021/03/15,611.00
2021/03/16,613.00
2021/03/17,604.00
2021/03/18,602.00
2021/03/19,591.00
2021/03/22,593.00
2021/03/23,594.00
2021/03/24,576.00
2021/03/25,575.00
2021/03/26,590.00
2021/03/29,599.00
2021/03/30,597.00
2021/03/31,587.00
2021/04/01,602.00
2021/04/06,610.00
2021/04/07,610.00
2021/04/08,613.00
2021/04/09,610.00
2021/04/12,605.00
2021/04/13,605.00
2021/04/14,612.00
2021/04/15,619.00
2021/04/16,610.00
2021/04/19,603.00
2021/04/20,602.00
2021/04/21,592.00
2021/04/22,591.00
2021/04/23,602.00
2021/04/26,610.00
2021/04/27,610.00
2021/04/28,602.00
2021/04/29,600.00
2021/05/03,588.00
2021/05/04,591.00
2021/05/05,585.00
2021/05/06,587.00
2021/05/07,599.00
2021/05/10,589.00
2021/05/11,571.00
2021/05/12,560.00
2021/05/13,547.00
2021/05/14,557.00
2021/05/17,549.00
2021/05/18,572.00
2021/05/19,567.00
2021/05/20,567.00
2021/05/21,573.00
2021/05/24,568.00
2021/05/25,583.00
2021/05/26,585.00
2021/05/27,582.00
2021/05/28,590.00
2021/05/31,597.00
2021/06/01,598.00
2021/06/02,595.00
2021/06/03,596.00
2021/06/04,595.00
2021/06/07,592.00
2021/06/08,589.00
2021/06/09,586.00
2021/06/10,599.00
2021/06/11,602.00
2021/06/15,609.00
2021/06/16,605.00
2021/06/17,606.00
2021/06/18,603.00
2021/06/21,583.00
2021/06/22,578.00
2021/06/23,595.00
2021/06/24,590.00
2021/06/25,591.00
2021/06/28,590.00
2021/06/29,595.00
2021/06/30,595.00
2021/07/01,593.00
2021/07/02,588.00
2021/07/05,591.00
2021/07/06,592.00
2021/07/07,594.00
2021/07/08,588.00
2021/07/09,584.00
2021/07/12,593.00
2021/07/13,607.00
2021/07/14,613.00
2021/07/15,614.00
2021/07/16,589.00
2021/07/19,582.00
2021/07/20,581.00
2021/07/21,585.00
2021/07/22,591.00
2021/07/23,585.00
2021/07/26,580.00
2021/07/27,580.00
2021/07/28,579.00
2021/07/29,583.00
2021/07/30,580.00
2021/08/02,590.00
2021/08/03,594.00
2021/08/04,596.00
2021/08/05,596.00
2021/08/06,591.00
2021/08/09,595.00
2021/08/10,591.00
2021/08/11,590.00
2021/08/12,586.00
2021/08/13,581.00
2021/08/16,584.00
2021/08/17,580.00
2021/08/18,574.00
2021/08/19,559.00
2021/08/20,552.00
2021/08/23,566.00
2021/08/24,572.00
2021/08/25,585.00
2021/08/26,594.00
2021/08/27,599.00
2021/08/30,605.00
2021/08/31,614.00
2021/09/01,613.00
2021/09/02,607.00
2021/09/03,620.00
2021/09/06,631.00
2021/09/07,623.00
2021/09/08,619.00
2021/09/09,619.00
2021/09/10,622.00
2021/09/13,615.00
2021/09/14,613.00
2021/09/15,607.00
2021/09/16,600.00
2021/09/17,600.00
2021/09/22,586.00
2021/09/23,588.00
2021/09/24,598.00
2021/09/27,602.00
2021/09/28,594.00
2021/09/29,580.00
2021/09/30,580.00
2021/10/01,574.00
2021/10/04,572.00
2021/10/05,572.00
2021/10/06,571.00
2021/10/07,580.00
2021/10/08,575.00
2021/10/12,575.00
2021/10/13,571.00
2021/10/14,573.00
2021/10/15,600.00
2021/10/18,590.00
2021/10/19,600.00
2021/10/20,598.00
2021/10/21,596.00
2021/10/22,600.00
2021/10/25,593.00
2021/10/26,599.00
2021/10/27,599.00
2021/10/28,595.00
2021/10/29,590.00
2021/11/01,590.00
2021/11/02,592.00
2021/11/03,592.00
2021/11/04,587.00
2021/11/05,600.00
2021/11/08,602.00
2021/11/09,611.00
2021/11/10,612.00
2021/11/11,606.00
2021/11/12,604.00
2021/11/15,608.00
2021/11/16,610.00
2021/11/17,610.00
2021/11/18,613.00
2021/11/19,618.00
2021/11/22,615.00
2021/11/23,612.00
2021/11/24,603.00
2021/11/25,603.00
2021/11/26,596.00
2021/11/29,593.00
2021/11/30,596.00
2021/12/01,600.00
2021/12/02,615.00
2021/12/03,608.00
2021/12/06,600.00
2021/12/07,607.00
2021/12/08,602.00
2021/12/09,608.00
2021/12/10,605.00
2021/12/13,601.00
2021/12/14,599.00
2021/12/15,600.00
2021/12/16,605.00
2021/12/17,607.00
2021/12/20,598.00
2021/12/21,597.00
2021/12/22,600.00
2021/12/23,606.00
2021/12/24,604.00
2021/12/27,606.00
2021/12/28,615.00
2021/12/29,616.00
2021/12/30,615.00
2022/01/03,631.00
2022/01/04,656.00
2022/01/05,650.00
2022/01/06,644.00
2022/01/07,634.00
2022/01/10,643.00
2022/01/11,651.00
2022/01/12,660.00
2022/01/13,661.00
2022/01/14,672.00
2022/01/17,683.00
2022/01/18,662.00
2022/01/19,654.00
2022/01/20,651.00
2022/01/21,641.00
2022/01/24,653.00
2022/01/25,641.00
2022/01/26,636.00
2022/02/07,635.00
2022/02/08,628.00
2022/02/09,633.00
2022/02/10,649.00
2022/02/11,650.00
2022/02/14,637.00
2022/02/15,633.00
2022/02/16,646.00
2022/02/17,645.00
2022/02/18,637.00
2022/02/21,632.00
2022/02/22,627.00
2022/02/23,625.00
2022/02/24,604.00
2022/02/25,604.00
2022/03/01,604.00
2022/03/02,601.00
2022/03/03,602.00
2022/03/04,595.00
2022/03/07,576.00
2022/03/08,563.00
2022/03/09,568.00
2022/03/10,587.00
2022/03/11,575.00
2022/03/14,572.00
2022/03/15,558.00
2022/03/16,558.00
2022/03/17,582.00
2022/03/18,581.00
2022/03/21,586.00
2022/03/22,583.00
2022/03/23,590.00
2022/03/24,591.00
2022/03/25,598.00
2022/03/28,584.00
2022/03/29,589.00
2022/03/30,600.00
2022/03/31,597.00
2022/04/01,589.00
2022/04/06,578.00
2022/04/07,566.00
2022/04/08,567.00
2022/04/11,558.00
2022/04/12,557.00
2022/04/13,573.00
2022/04/14,573.00
2022/04/15,562.00
2022/04/18,561.00
2022/04/19,565.00
2022/04/20,570.00
2022/04/21,565.00
2022/04/22,558.00
2022/04/25,547.00
2022/04/26,546.00
2022/04/27,526.00
2022/04/28,531.00
2022/04/29,538.00
2022/05/03,531.00
2022/05/04,534.00
2022/05/05,542.00
2022/05/06,528.00
2022/05/09,520.00
2022/05/10,518.00
2022/05/11,521.00
2022/05/12,505.00
2022/05/13,511.00
2022/05/16,520.00
2022/05/17,530.00
2022/05/18,538.00
2022/05/19,522.00
2022/05/20,530.00
2022/05/23,528.00
2022/05/24,520.00
2022/05/25,524.00
2022/05/26,514.00
2022/05/27,530.00
2022/05/30,547.00
2022/05/31,560.00
2022/06/01,549.00
2022/06/02,540.00
